142,"(0, 2)"
covid,"(0, 6)"
tweet,"(0, 1)"
email,"(0, 1)"
cape,"(0, 5)"
town,"(0, 1)"
coronavirus,"(0, 2)"
zweli,"(0, 2)"
mkhize,"(0, 2)"
monday,"(0, 2)"
gauteng,"(0, 2)"
province,"(0, 3)"
infections,"(0, 3)"
kwazulu,"(0, 2)"
natal,"(0, 2)"
virus,"(0, 3)"
northern,"(0, 2)"
mpumanga,"(0, 1)"
provinces,"(0, 1)"
lowest,"(0, 1)"
infection,"(0, 1)"
rates,"(0, 1)"
breakdown,"(0, 3)"
per,"(0, 1)"
recoveries,"(0, 1)"
1170,"(0, 1)"
545,"(0, 1)"
940,"(0, 1)"
216,"(0, 1)"
639,"(0, 1)"
151,"(0, 1)"
310,"(0, 1)"
free,"(0, 1)"
105,"(0, 1)"
74,"(0, 1)"
limpopo,"(0, 1)"
0,"(0, 5)"
mpumalanga,"(0, 1)"
unallocated,"(0, 1)"
43,"(0, 1)"
gender,"(0, 2)"
women,"(0, 1)"
diagnosed,"(0, 1)"
allocated,"(0, 1)"
table,"(0, 1)"
courtesy,"(0, 1)"
african,"(0, 1)"
121,"(0, 2)"
510,"(0, 2)"
tests,"(0, 3)"
conducted,"(0, 4)"
nationwide,"(0, 1)"
sectors,"(0, 1)"
sector,"(0, 4)"
leads,"(0, 1)"
total,"(0, 3)"
huge,"(0, 1)"
strides,"(0, 1)"
roll,"(0, 1)"
screening,"(0, 1)"
testing,"(0, 1)"
repeatedly,"(0, 1)"
reflection,"(0, 1)"
coountry,"(0, 1)"
truer,"(0, 1)"
picture,"(0, 1)"
lockdown,"(0, 1)"
big,"(0, 1)"
positive,"(0, 1)"
appear,"(0, 1)"
bear,"(0, 1)"
realeased,"(0, 1)"
double,"(0, 1)"
laboratories,"(0, 1)"
look,"(0, 1)"
tested,"(0, 2)"
812,"(0, 1)"
67,"(0, 1)"
052,"(0, 1)"
698,"(0, 1)"
33,"(0, 1)"
747,"(0, 1)"
grand,"(0, 1)"
799,"(0, 1)"
latest,"(0, 1)"
outbreak,"(0, 1)"
iol,"(0, 1)"
call,"(0, 1)"
hour,"(0, 1)"
hotline,"(0, 1)"
0800,"(0, 1)"
029,"(0, 1)"
999,"(0, 1)"
sacoronavirus,"(0, 1)"
za,"(0, 1)"
tiananmen,"(1, 61)"
square,"(1, 126)"
protests,"(1, 67)"
massacre,"(1, 12)"
redirect,"(1, 1)"
uses,"(1, 3)"
see,"(1, 7)"
disambiguation,"(1, 2)"
8964,"(1, 3)"
redirects,"(1, 1)"
chinese,"(1, 57)"
pro,"(1, 6)"
democracy,"(1, 19)"
movement,"(1, 48)"
1989,"(1, 25)"
incident,"(1, 14)"
commonly,"(1, 2)"
known,"(1, 7)"
mainland,"(1, 5)"
china,"(1, 76)"
june,"(1, 60)"
fourth,"(1, 11)"
六四事件,"(1, 2)"
pinyin,"(1, 4)"
liùsì,"(1, 2)"
shìjiàn,"(1, 2)"
literally,"(1, 1)"
six,"(1, 1)"
student,"(1, 66)"
led,"(1, 17)"
demonstrations,"(1, 9)"
held,"(1, 5)"
beijing,"(1, 66)"
popular,"(1, 6)"
inspired,"(1, 4)"
sometimes,"(1, 3)"
called,"(1, 16)"
89,"(1, 2)"
八九民運,"(1, 1)"
bājiǔ,"(1, 1)"
mínyùn,"(1, 2)"
started,"(1, 3)"
april,"(1, 33)"
forcibly,"(1, 2)"
suppressed,"(1, 5)"
government,"(1, 78)"
declared,"(1, 7)"
martial,"(1, 21)"
law,"(1, 26)"
sent,"(1, 8)"
military,"(1, 39)"
occupy,"(1, 2)"
central,"(1, 15)"
parts,"(1, 3)"
became,"(1, 12)"
天安門大屠殺,"(1, 1)"
tiān,"(1, 1)"
ānmén,"(1, 1)"
dà,"(1, 1)"
túshā,"(1, 2)"
troops,"(1, 38)"
assault,"(1, 4)"
rifles,"(1, 2)"
tanks,"(1, 10)"
fired,"(1, 4)"
demonstrators,"(1, 15)"
trying,"(1, 6)"
block,"(1, 3)"
advance,"(1, 6)"
estimates,"(1, 9)"
death,"(1, 12)"
toll,"(1, 4)"
vary,"(1, 1)"
several,"(1, 22)"
hundred,"(1, 5)"
thousand,"(1, 8)"
thousands,"(1, 8)"
wounded,"(1, 6)"
set,"(1, 8)"
reform,"(1, 11)"
communist,"(1, 20)"
general,"(1, 17)"
secretary,"(1, 17)"
hu,"(1, 27)"
yaobang,"(1, 10)"
amid,"(1, 2)"
backdrop,"(1, 2)"
rapid,"(1, 1)"
economic,"(1, 21)"
development,"(1, 5)"
social,"(1, 12)"
changes,"(1, 5)"
post,"(1, 5)"
mao,"(1, 5)"
reflected,"(1, 1)"
anxieties,"(1, 1)"
future,"(1, 3)"
consciousness,"(1, 2)"
among,"(1, 13)"
political,"(1, 33)"
elite,"(1, 3)"
reforms,"(1, 12)"
1980s,"(1, 7)"
nascent,"(1, 1)"
market,"(1, 10)"
economy,"(1, 8)"
benefited,"(1, 1)"
people,"(1, 57)"
seriously,"(1, 1)"
disaffected,"(1, 1)"
others,"(1, 15)"
one,"(1, 17)"
party,"(1, 69)"
system,"(1, 9)"
also,"(1, 42)"
faced,"(1, 6)"
challenge,"(1, 1)"
legitimacy,"(1, 6)"
common,"(1, 2)"
grievances,"(1, 2)"
time,"(1, 15)"
included,"(1, 7)"
inflation,"(1, 2)"
corruption,"(1, 7)"
limited,"(1, 5)"
preparedness,"(1, 1)"
graduates,"(1, 2)"
restrictions,"(1, 6)"
participation,"(1, 2)"
students,"(1, 145)"
greater,"(1, 4)"
accountability,"(1, 1)"
constitutional,"(1, 1)"
due,"(1, 2)"
process,"(1, 2)"
freedom,"(1, 9)"
press,"(1, 12)"
speech,"(1, 7)"
although,"(1, 6)"
highly,"(1, 3)"
disorganized,"(1, 3)"
goals,"(1, 1)"
varied,"(1, 1)"
height,"(1, 1)"
million,"(1, 8)"
assembled,"(1, 2)"
developed,"(1, 1)"
authorities,"(1, 17)"
responded,"(1, 2)"
conciliatory,"(1, 3)"
hardline,"(1, 2)"
tactics,"(1, 1)"
exposing,"(1, 1)"
deep,"(1, 2)"
divisions,"(1, 4)"
within,"(1, 19)"
leadership,"(1, 36)"
may,"(1, 39)"
hunger,"(1, 16)"
strike,"(1, 13)"
galvanized,"(1, 2)"
support,"(1, 17)"
400,"(1, 4)"
cities,"(1, 12)"
ultimately,"(1, 2)"
paramount,"(1, 6)"
leader,"(1, 9)"
deng,"(1, 42)"
xiaoping,"(1, 13)"
elders,"(1, 6)"
believed,"(1, 6)"
threat,"(1, 1)"
resolved,"(1, 2)"
use,"(1, 13)"
force,"(1, 10)"
council,"(1, 8)"
20,"(1, 3)"
mobilized,"(1, 2)"
many,"(1, 46)"
300,"(1, 8)"
000,"(1, 23)"
advanced,"(1, 3)"
city,"(1, 14)"
major,"(1, 12)"
thoroughfares,"(1, 2)"
early,"(1, 9)"
morning,"(1, 13)"
hours,"(1, 2)"
killing,"(1, 5)"
bystanders,"(1, 2)"
international,"(1, 13)"
community,"(1, 3)"
human,"(1, 4)"
rights,"(1, 3)"
organizations,"(1, 6)"
analysts,"(1, 2)"
condemned,"(1, 1)"
countries,"(1, 6)"
imposed,"(1, 1)"
arms,"(1, 4)"
embargoes,"(1, 1)"
widespread,"(1, 7)"
arrests,"(1, 4)"
protesters,"(1, 20)"
supporters,"(1, 3)"
expelled,"(1, 3)"
foreign,"(1, 15)"
journalists,"(1, 10)"
strictly,"(1, 2)"
controlled,"(1, 3)"
coverage,"(1, 4)"
events,"(1, 20)"
domestic,"(1, 5)"
strengthened,"(1, 2)"
police,"(1, 24)"
internal,"(1, 7)"
security,"(1, 11)"
forces,"(1, 6)"
demoted,"(1, 1)"
purged,"(1, 2)"
officials,"(1, 10)"
deemed,"(1, 2)"
sympathetic,"(1, 5)"
broadly,"(1, 1)"
suppression,"(1, 6)"
halted,"(1, 3)"
policies,"(1, 4)"
liberalization,"(1, 9)"
considered,"(1, 1)"
watershed,"(1, 1)"
event,"(1, 9)"
limits,"(1, 1)"
expression,"(1, 1)"
present,"(1, 5)"
day,"(1, 13)"
memory,"(1, 2)"
widely,"(1, 5)"
associated,"(1, 1)"
questioning,"(1, 1)"
rule,"(1, 4)"
sensitive,"(1, 2)"
censored,"(1, 2)"
topics,"(1, 1)"
names,"(1, 6)"
edit,"(1, 47)"
named,"(1, 4)"
conventionally,"(1, 1)"
followed,"(1, 5)"
type,"(1, 1)"
thus,"(1, 3)"
name,"(1, 1)"
crackdown,"(1, 9)"
nomenclature,"(1, 1)"
former,"(1, 8)"
consistent,"(1, 4)"
customary,"(1, 1)"
great,"(1, 15)"
occurred,"(1, 9)"
1919,"(1, 1)"
fifth,"(1, 1)"
1976,"(1, 3)"
refers,"(1, 1)"
liberation,"(1, 2)"
army,"(1, 22)"
cleared,"(1, 4)"
actual,"(1, 1)"
operations,"(1, 1)"
began,"(1, 22)"
evening,"(1, 8)"
3,"(1, 12)"
六四运动,"(1, 1)"
liù,"(1, 3)"
sì,"(1, 3)"
yùndòng,"(1, 1)"
八九民运,"(1, 1)"
bā,"(1, 1)"
jiǔ,"(1, 1)"
used,"(1, 12)"
describe,"(1, 3)"
entirety,"(1, 1)"
outside,"(1, 16)"
circles,"(1, 1)"
critical,"(1, 3)"
referred,"(1, 1)"
六四屠殺,"(1, 1)"
六四鎮壓,"(1, 1)"
zhènyā,"(1, 1)"
bypass,"(1, 2)"
internet,"(1, 4)"
censorship,"(1, 4)"
uniformly,"(1, 1)"
considers,"(1, 1)"
mentioned,"(1, 1)"
search,"(1, 1)"
engines,"(1, 1)"
forums,"(1, 1)"
alternative,"(1, 3)"
sprung,"(1, 2)"
35th,"(1, 1)"
viiv,"(1, 1)"
roman,"(1, 1)"
numerals,"(1, 1)"
eight,"(1, 2)"
squared,"(1, 1)"
e,"(1, 4)"
82,"(1, 1)"
64,"(1, 1)"
22,"(1, 3)"
republic,"(1, 3)"
numerous,"(1, 2)"
gradually,"(1, 6)"
reducing,"(1, 1)"
intensity,"(1, 1)"
terminology,"(1, 1)"
applied,"(1, 1)"
unfolding,"(1, 1)"
labelled,"(1, 1)"
counterrevolutionary,"(1, 2)"
riot,"(1, 9)"
later,"(1, 13)"
changed,"(1, 3)"
simply,"(1, 2)"
storm,"(1, 1)"
finally,"(1, 3)"
settled,"(1, 3)"
neutralized,"(1, 1)"
phrase,"(1, 1)"
turmoil,"(1, 10)"
spring,"(1, 1)"
summer,"(1, 2)"
english,"(1, 2)"
terms,"(1, 1)"
often,"(1, 8)"
series,"(1, 3)"
however,"(1, 12)"
much,"(1, 7)"
violence,"(1, 4)"
actually,"(1, 1)"
happen,"(1, 2)"
along,"(1, 8)"
stretch,"(1, 2)"
chang,"(1, 8)"
avenue,"(1, 10)"
miles,"(1, 1)"
long,"(1, 4)"
especially,"(1, 6)"
near,"(1, 6)"
muxidi,"(1, 6)"
area,"(1, 4)"
term,"(1, 1)"
gives,"(1, 1)"
misleading,"(1, 1)"
impression,"(1, 1)"
happened,"(1, 1)"
fact,"(1, 2)"
throughout,"(1, 4)"
background,"(1, 1)"
cultural,"(1, 6)"
revolution,"(1, 6)"
ended,"(1, 2)"
chairman,"(1, 6)"
zedong,"(1, 1)"
spearheaded,"(1, 2)"
caused,"(1, 3)"
severe,"(1, 1)"
damage,"(1, 1)"
originally,"(1, 1)"
diverse,"(1, 2)"
fabric,"(1, 1)"
mired,"(1, 1)"
poverty,"(1, 3)"
production,"(1, 3)"
slowed,"(1, 2)"
came,"(1, 9)"
halt,"(1, 2)"
ideology,"(1, 6)"
lives,"(1, 4)"
ordinary,"(1, 2)"
well,"(1, 15)"
inner,"(1, 1)"
workings,"(1, 1)"
plenum,"(1, 1)"
11th,"(1, 1)"
committee,"(1, 10)"
december,"(1, 2)"
1978,"(1, 2)"
emerged,"(1, 7)"
de,"(1, 3)"
facto,"(1, 1)"
launched,"(1, 2)"
comprehensive,"(1, 3)"
program,"(1, 3)"
years,"(1, 10)"
direction,"(1, 2)"
entirely,"(1, 1)"
focus,"(1, 2)"
ideological,"(1, 1)"
purity,"(1, 1)"
replaced,"(1, 1)"
full,"(1, 1)"
drive,"(1, 1)"
achieve,"(1, 1)"
material,"(1, 1)"
prosperity,"(1, 2)"
run,"(1, 11)"
agenda,"(1, 1)"
promoted,"(1, 3)"
allies,"(1, 1)"
top,"(1, 3)"
posts,"(1, 2)"
1982,"(1, 1)"
zhao,"(1, 43)"
ziyang,"(1, 17)"
premier,"(1, 9)"
head,"(1, 3)"
september,"(1, 1)"
1980,"(1, 2)"
challenges,"(1, 1)"
aimed,"(1, 2)"
decrease,"(1, 1)"
role,"(1, 8)"
introduced,"(1, 2)"
forms,"(1, 3)"
agriculture,"(1, 2)"
industry,"(1, 3)"
1981,"(1, 1)"
roughly,"(1, 1)"
73,"(1, 1)"
rural,"(1, 1)"
farms,"(1, 1)"
collectivized,"(1, 1)"
owned,"(1, 3)"
enterprises,"(1, 3)"
permitted,"(1, 1)"
retain,"(1, 2)"
profits,"(1, 1)"
increased,"(1, 11)"
leaps,"(1, 1)"
bounds,"(1, 1)"
reduced,"(1, 1)"
substantially,"(1, 1)"
generally,"(1, 4)"
received,"(1, 3)"
concerns,"(1, 2)"
grew,"(1, 4)"
problems,"(1, 4)"
brought,"(1, 1)"
including,"(1, 17)"
nepotism,"(1, 2)"
bureaucrats,"(1, 2)"
mandated,"(1, 1)"
pricing,"(1, 2)"
place,"(1, 12)"
1950s,"(1, 1)"
kept,"(1, 2)"
prices,"(1, 4)"
stable,"(1, 2)"
low,"(1, 3)"
levels,"(1, 2)"
initial,"(1, 6)"
created,"(1, 5)"
tier,"(1, 1)"
fixed,"(1, 1)"
allowed,"(1, 4)"
fluctuate,"(1, 1)"
chronic,"(1, 1)"
shortages,"(1, 1)"
powerful,"(1, 1)"
connections,"(1, 1)"
buy,"(1, 1)"
goods,"(1, 2)"
sell,"(1, 1)"
suddenly,"(1, 3)"
found,"(1, 2)"
charge,"(1, 3)"
burgeoning,"(1, 1)"
regime,"(1, 2)"
management,"(1, 1)"
enormous,"(1, 1)"
incentives,"(1, 1)"
arbitrage,"(1, 1)"
discontent,"(1, 3)"
reached,"(1, 2)"
fever,"(1, 1)"
pitch,"(1, 1)"
particularly,"(1, 5)"
intellectual,"(1, 2)"
believe,"(1, 2)"
democratic,"(1, 6)"
could,"(1, 8)"
act,"(1, 4)"
panacea,"(1, 1)"
ills,"(1, 1)"
following,"(1, 7)"
1988,"(1, 3)"
beidaihe,"(1, 1)"
meeting,"(1, 18)"
agreed,"(1, 7)"
transition,"(1, 1)"
based,"(1, 5)"
news,"(1, 6)"
relaxation,"(1, 1)"
price,"(1, 3)"
controls,"(1, 1)"
triggered,"(1, 1)"
waves,"(1, 1)"
cash,"(1, 1)"
withdrawals,"(1, 1)"
buying,"(1, 2)"
hoarding,"(1, 1)"
panicked,"(1, 1)"
rescinded,"(1, 2)"
less,"(1, 2)"
weeks,"(1, 5)"
impact,"(1, 6)"
pronounced,"(1, 1)"
longer,"(1, 4)"
soared,"(1, 1)"
official,"(1, 14)"
indices,"(1, 1)"
report,"(1, 8)"
consumer,"(1, 2)"
index,"(1, 1)"
1987,"(1, 3)"
leading,"(1, 2)"
panic,"(1, 3)"
salaried,"(1, 1)"
workers,"(1, 12)"
afford,"(1, 1)"
staple,"(1, 1)"
moreover,"(1, 5)"
unprofitable,"(1, 1)"
pressured,"(1, 1)"
cut,"(1, 3)"
costs,"(1, 1)"
threatened,"(1, 2)"
vast,"(1, 1)"
proportion,"(1, 1)"
population,"(1, 3)"
relied,"(1, 1)"
iron,"(1, 1)"
rice,"(1, 1)"
bowl,"(1, 1)"
host,"(1, 1)"
benefits,"(1, 1)"
job,"(1, 4)"
medical,"(1, 2)"
care,"(1, 1)"
subsidized,"(1, 1)"
housing,"(1, 1)"
disenfranchisement,"(1, 1)"
crisis,"(1, 3)"
reformist,"(1, 1)"
leaders,"(1, 37)"
envisioned,"(1, 1)"
intellectuals,"(1, 12)"
play,"(1, 2)"
guiding,"(1, 1)"
planned,"(1, 1)"
despite,"(1, 6)"
opening,"(1, 4)"
universities,"(1, 10)"
enrollment,"(1, 1)"
directed,"(1, 2)"
education,"(1, 2)"
produce,"(1, 1)"
enough,"(1, 2)"
meet,"(1, 1)"
demand,"(1, 1)"
areas,"(1, 2)"
light,"(1, 1)"
services,"(1, 3)"
investment,"(1, 7)"
specializing,"(1, 1)"
sciences,"(1, 1)"
humanities,"(1, 1)"
companies,"(1, 2)"
needed,"(1, 8)"
accept,"(1, 2)"
assigned,"(1, 2)"
high,"(1, 5)"
paying,"(1, 1)"
jobs,"(1, 1)"
offered,"(1, 1)"
basis,"(1, 1)"
favoritism,"(1, 1)"
gaining,"(1, 2)"
good,"(1, 3)"
placement,"(1, 1)"
meant,"(1, 1)"
navigating,"(1, 1)"
inefficient,"(1, 1)"
bureaucracy,"(1, 1)"
gave,"(1, 2)"
power,"(1, 9)"
little,"(1, 4)"
expertise,"(1, 1)"
jurisdiction,"(1, 2)"
facing,"(1, 3)"
dismal,"(1, 1)"
chances,"(1, 1)"
going,"(1, 2)"
abroad,"(1, 4)"
vested,"(1, 1)"
interest,"(1, 4)"
issues,"(1, 7)"
small,"(1, 3)"
study,"(1, 2)"
groups,"(1, 5)"
salon,"(1, 2)"
lawn,"(1, 1)"
cǎodì,"(1, 1)"
shālóng,"(1, 1)"
appearing,"(1, 2)"
university,"(1, 14)"
campuses,"(1, 3)"
motivated,"(1, 1)"
get,"(1, 2)"
involved,"(1, 2)"
politically,"(1, 3)"
nominally,"(1, 1)"
socialist,"(1, 7)"
adopted,"(1, 2)"
capitalist,"(1, 2)"
practices,"(1, 1)"
enterprise,"(1, 1)"
rise,"(1, 2)"
profiteers,"(1, 1)"
took,"(1, 19)"
advantage,"(1, 1)"
lax,"(1, 1)"
regulations,"(1, 1)"
flaunted,"(1, 1)"
wealth,"(1, 2)"
front,"(1, 6)"
brewing,"(1, 1)"
unfair,"(1, 1)"
distribution,"(1, 1)"
greed,"(1, 1)"
skill,"(1, 1)"
appeared,"(1, 5)"
crucial,"(1, 1)"
factor,"(1, 1)"
success,"(1, 3)"
disillusionment,"(1, 1)"
wanted,"(1, 12)"
change,"(1, 3)"
yet,"(1, 2)"
define,"(1, 1)"
correct,"(1, 2)"
path,"(1, 3)"
continued,"(1, 9)"
rest,"(1, 2)"
solely,"(1, 1)"
hands,"(1, 4)"
unelected,"(1, 1)"
wide,"(1, 4)"
ranging,"(1, 2)"
differences,"(1, 1)"
pace,"(1, 2)"
marketization,"(1, 1)"
control,"(1, 14)"
chasm,"(1, 1)"
reformers,"(1, 1)"
right,"(1, 2)"
favoured,"(1, 1)"
plurality,"(1, 2)"
ideas,"(1, 2)"
channel,"(1, 1)"
voice,"(1, 2)"
pressed,"(1, 2)"
conservatives,"(1, 3)"
left,"(1, 12)"
chen,"(1, 7)"
yun,"(1, 1)"
said,"(1, 20)"
gone,"(1, 1)"
far,"(1, 3)"
advocated,"(1, 2)"
return,"(1, 4)"
ensure,"(1, 1)"
stability,"(1, 4)"
better,"(1, 3)"
align,"(1, 1)"
sides,"(1, 2)"
backing,"(1, 1)"
carry,"(1, 3)"
important,"(1, 2)"
policy,"(1, 3)"
decisions,"(1, 1)"
1986,"(1, 5)"
mid,"(1, 4)"
astrophysics,"(1, 1)"
professor,"(1, 1)"
fang,"(1, 6)"
lizhi,"(1, 1)"
returned,"(1, 5)"
position,"(1, 10)"
princeton,"(1, 1)"
personal,"(1, 4)"
tour,"(1, 3)"
speaking,"(1, 2)"
liberty,"(1, 1)"
separation,"(1, 2)"
powers,"(1, 3)"
part,"(1, 3)"
wider,"(1, 1)"
undercurrent,"(1, 1)"
thought,"(1, 3)"
underdevelopment,"(1, 1)"
disaster,"(1, 1)"
direct,"(1, 3)"
authoritarian,"(1, 1)"
rigid,"(1, 1)"
command,"(1, 2)"
view,"(1, 3)"
answer,"(1, 1)"
gained,"(1, 7)"
appeal,"(1, 5)"
recorded,"(1, 4)"
speeches,"(1, 5)"
circulated,"(1, 3)"
response,"(1, 7)"
blindly,"(1, 1)"
worshipping,"(1, 1)"
lifestyles,"(1, 1)"
capitalism,"(1, 1)"
multi,"(1, 1)"
systems,"(1, 2)"
undermining,"(1, 2)"
traditional,"(1, 2)"
values,"(1, 1)"
movements,"(1, 2)"
world,"(1, 12)"
staged,"(1, 4)"
slow,"(1, 1)"
demands,"(1, 8)"
initially,"(1, 9)"
contained,"(1, 1)"
hefei,"(1, 1)"
lived,"(1, 3)"
quickly,"(1, 5)"
shanghai,"(1, 8)"
alarmed,"(1, 2)"
accused,"(1, 2)"
instigating,"(1, 1)"
style,"(1, 2)"
blamed,"(1, 1)"
taking,"(1, 4)"
soft,"(1, 3)"
attitude,"(1, 1)"
mishandling,"(1, 2)"
denounced,"(1, 3)"
thoroughly,"(1, 2)"
forced,"(1, 5)"
resign,"(1, 1)"
january,"(1, 2)"
anti,"(1, 12)"
bourgeois,"(1, 6)"
campaign,"(1, 2)"
aim,"(1, 2)"
stopped,"(1, 5)"
tightened,"(1, 1)"
environment,"(1, 2)"
remained,"(1, 12)"
progressives,"(1, 1)"
protest,"(1, 15)"
died,"(1, 10)"
heart,"(1, 1)"
attack,"(1, 2)"
reacted,"(1, 3)"
strongly,"(1, 1)"
believing,"(1, 1)"
related,"(1, 4)"
resignation,"(1, 1)"
provided,"(1, 3)"
impetus,"(1, 1)"
gather,"(1, 1)"
large,"(1, 10)"
numbers,"(1, 1)"
posters,"(1, 2)"
eulogizing,"(1, 1)"
calling,"(1, 6)"
revival,"(1, 1)"
legacy,"(1, 3)"
writing,"(1, 2)"
broader,"(1, 1)"
spontaneous,"(1, 1)"
gatherings,"(1, 2)"
mourn,"(1, 2)"
monument,"(1, 11)"
heroes,"(1, 3)"
peking,"(1, 2)"
pku,"(1, 3)"
tsinghua,"(1, 2)"
erected,"(1, 3)"
shrines,"(1, 1)"
joined,"(1, 4)"
gathering,"(1, 7)"
piecemeal,"(1, 1)"
fashion,"(1, 1)"
organized,"(1, 6)"
scale,"(1, 2)"
xi,"(1, 5)"
science,"(1, 2)"
cupl,"(1, 3)"
wreath,"(1, 1)"
commemorate,"(1, 3)"
laying,"(1, 1)"
larger,"(1, 3)"
expected,"(1, 1)"
crowd,"(1, 10)"
pm,"(1, 10)"
500,"(1, 2)"
gate,"(1, 6)"
hall,"(1, 14)"
featured,"(1, 1)"
speakers,"(1, 1)"
various,"(1, 5)"
backgrounds,"(1, 2)"
giving,"(1, 2)"
orations,"(1, 1)"
commemorating,"(1, 1)"
discussing,"(1, 1)"
soon,"(1, 3)"
obstructive,"(1, 1)"
operation,"(1, 6)"
tried,"(1, 13)"
persuade,"(1, 3)"
disperse,"(1, 3)"
starting,"(1, 1)"
night,"(1, 10)"
three,"(1, 17)"
marched,"(1, 6)"
campus,"(1, 7)"
towards,"(1, 4)"
nearly,"(1, 3)"
upon,"(1, 6)"
arrival,"(1, 1)"
already,"(1, 3)"
gathered,"(1, 9)"
size,"(1, 1)"
evolved,"(1, 1)"
draft,"(1, 1)"
list,"(1, 7)"
pleas,"(1, 2)"
suggestions,"(1, 1)"
seven,"(1, 5)"
affirm,"(1, 2)"
views,"(1, 5)"
admit,"(1, 1)"
campaigns,"(1, 1)"
spiritual,"(1, 1)"
pollution,"(1, 1)"
wrong,"(1, 1)"
publish,"(1, 2)"
information,"(1, 5)"
income,"(1, 1)"
family,"(1, 1)"
members,"(1, 9)"
allow,"(1, 2)"
privately,"(1, 3)"
newspapers,"(1, 8)"
stop,"(1, 3)"
funding,"(1, 1)"
raise,"(1, 1)"
pay,"(1, 1)"
provide,"(1, 2)"
objective,"(1, 1)"
media,"(1, 16)"
singing,"(1, 1)"
patriotic,"(1, 7)"
songs,"(1, 3)"
listening,"(1, 1)"
impromptu,"(1, 1)"
organizers,"(1, 1)"
meanwhile,"(1, 3)"
xinhua,"(1, 4)"
entrance,"(1, 2)"
zhongnanhai,"(1, 4)"
seat,"(1, 1)"
demanded,"(1, 4)"
dialogue,"(1, 11)"
restrained,"(1, 1)"
entering,"(1, 4)"
compound,"(1, 3)"
sit,"(1, 2)"
persuaded,"(1, 5)"
leave,"(1, 13)"
200,"(1, 2)"
batons,"(1, 1)"
minor,"(1, 2)"
clashes,"(1, 2)"
felt,"(1, 3)"
abused,"(1, 1)"
rumours,"(1, 1)"
brutality,"(1, 1)"
angered,"(1, 1)"
active,"(1, 1)"
decided,"(1, 2)"
join,"(1, 6)"
group,"(1, 10)"
autonomous,"(1, 4)"
federation,"(1, 3)"
issued,"(1, 8)"
handbills,"(1, 1)"
challenging,"(1, 1)"
funeral,"(1, 4)"
100,"(1, 6)"
ignoring,"(1, 1)"
orders,"(1, 4)"
municipal,"(1, 5)"
closed,"(1, 3)"
inside,"(1, 10)"
attended,"(1, 2)"
broadcast,"(1, 6)"
live,"(1, 4)"
delivered,"(1, 3)"
eulogy,"(1, 1)"
seemed,"(1, 4)"
rushed,"(1, 1)"
lasted,"(1, 1)"
minutes,"(1, 3)"
emotions,"(1, 2)"
ran,"(1, 2)"
wept,"(1, 1)"
cordoned,"(1, 1)"
east,"(1, 12)"
forward,"(1, 2)"
cross,"(1, 5)"
line,"(1, 1)"
zhou,"(1, 5)"
yongjun,"(1, 2)"
guo,"(1, 1)"
haifeng,"(1, 1)"
zhang,"(1, 10)"
zhiyong,"(1, 1)"
knelt,"(1, 1)"
steps,"(1, 1)"
petition,"(1, 1)"
li,"(1, 38)"
peng,"(1, 22)"
standing,"(1, 8)"
beside,"(1, 1)"
wu,"(1, 13)"
erkaixi,"(1, 5)"
brief,"(1, 1)"
emotional,"(1, 4)"
begging,"(1, 1)"
speak,"(1, 5)"
still,"(1, 9)"
cordon,"(1, 2)"
times,"(1, 3)"
shouting,"(1, 1)"
slogans,"(1, 3)"
rushing,"(1, 1)"
calmed,"(1, 1)"
waited,"(1, 1)"
leaving,"(1, 3)"
disappointed,"(1, 1)"
angry,"(1, 2)"
class,"(1, 5)"
boycott,"(1, 4)"
organizing,"(1, 2)"
banners,"(1, 1)"
formal,"(1, 3)"
union,"(1, 13)"
formed,"(1, 3)"
elected,"(1, 3)"
chair,"(1, 1)"
wang,"(1, 14)"
dan,"(1, 5)"
independent,"(1, 2)"
organization,"(1, 6)"
operating,"(1, 2)"
dusk,"(1, 1)"
serious,"(1, 4)"
rioting,"(1, 2)"
broke,"(1, 4)"
changsha,"(1, 2)"
arson,"(1, 1)"
rioters,"(1, 2)"
destroyed,"(1, 4)"
cars,"(1, 1)"
houses,"(1, 1)"
looting,"(1, 1)"
shops,"(1, 2)"
xihua,"(1, 1)"
38,"(1, 1)"
stores,"(1, 1)"
ransacked,"(1, 1)"
looters,"(1, 1)"
350,"(1, 1)"
arrested,"(1, 6)"
wuhan,"(1, 5)"
provincial,"(1, 3)"
situation,"(1, 8)"
volatile,"(1, 1)"
nationally,"(1, 2)"
meetings,"(1, 2)"
politburo,"(1, 10)"
psc,"(1, 11)"
stressed,"(1, 1)"
points,"(1, 1)"
discourage,"(1, 1)"
ask,"(1, 2)"
go,"(1, 3)"
back,"(1, 10)"
measures,"(1, 5)"
necessary,"(1, 5)"
combat,"(1, 1)"
open,"(1, 4)"
different,"(1, 3)"
condemn,"(1, 1)"
protestors,"(1, 4)"
recognize,"(1, 1)"
need,"(1, 3)"
take,"(1, 7)"
action,"(1, 14)"
dismissed,"(1, 1)"
calls,"(1, 1)"
scheduled,"(1, 4)"
korea,"(1, 4)"
turning,"(1, 4)"
point,"(1, 5)"
26,"(1, 8)"
editorial,"(1, 12)"
pushed,"(1, 3)"
backed,"(1, 1)"
departure,"(1, 2)"
acting,"(1, 1)"
executive,"(1, 2)"
authority,"(1, 4)"
met,"(1, 13)"
ximing,"(1, 3)"
mayor,"(1, 3)"
xitong,"(1, 3)"
gauge,"(1, 1)"
quick,"(1, 1)"
resolution,"(1, 1)"
framed,"(1, 1)"
conspiracy,"(1, 2)"
overthrow,"(1, 4)"
absence,"(1, 1)"
firm,"(1, 2)"
must,"(1, 6)"
taken,"(1, 6)"
president,"(1, 6)"
yang,"(1, 5)"
shangkun,"(1, 4)"
latter,"(1, 3)"
residence,"(1, 2)"
endorsed,"(1, 1)"
stance,"(1, 2)"
appropriate,"(1, 1)"
warning,"(1, 3)"
disseminated,"(1, 1)"
via,"(1, 5)"
curb,"(1, 1)"
firmly,"(1, 2)"
established,"(1, 6)"
evaluation,"(1, 1)"
highlighted,"(1, 1)"
final,"(1, 2)"
say,"(1, 4)"
subsequently,"(1, 3)"
ordered,"(1, 8)"
drafted,"(1, 1)"
communique,"(1, 1)"
level,"(1, 1)"
effort,"(1, 1)"
mobilize,"(1, 4)"
apparatus,"(1, 1)"
newspaper,"(1, 1)"
daily,"(1, 8)"
titled,"(1, 2)"
clear,"(1, 8)"
stand,"(1, 3)"
disturbances,"(1, 1)"
language,"(1, 1)"
effectively,"(1, 1)"
branded,"(1, 2)"
revolt,"(1, 1)"
enraged,"(1, 1)"
interpreted,"(1, 1)"
indictment,"(1, 1)"
cause,"(1, 4)"
backfired,"(1, 1)"
instead,"(1, 3)"
scaring,"(1, 1)"
submission,"(1, 1)"
squarely,"(1, 1)"
antagonized,"(1, 1)"
polarizing,"(1, 1)"
nature,"(1, 5)"
sticking,"(1, 1)"
remainder,"(1, 1)"
evoked,"(1, 1)"
memories,"(1, 1)"
using,"(1, 3)"
similar,"(1, 2)"
rhetoric,"(1, 1)"
rehabilitated,"(1, 1)"
50,"(1, 3)"
streets,"(1, 8)"
capital,"(1, 10)"
breaking,"(1, 1)"
lines,"(1, 2)"
receiving,"(1, 1)"
way,"(1, 5)"
factory,"(1, 2)"
eager,"(1, 1)"
toned,"(1, 1)"
choosing,"(1, 2)"
message,"(1, 2)"
cronyism,"(1, 1)"
twist,"(1, 1)"
irony,"(1, 1)"
factions,"(1, 3)"
genuinely,"(1, 1)"
traction,"(1, 1)"
stunning,"(1, 1)"
march,"(1, 2)"
making,"(1, 3)"
concessions,"(1, 3)"
representatives,"(1, 6)"
29,"(1, 1)"
spokesman,"(1, 2)"
yuan,"(1, 4)"
mu,"(1, 3)"
appointed,"(1, 2)"
sanctioned,"(1, 2)"
associations,"(1, 2)"
talks,"(1, 3)"
discussed,"(1, 2)"
range,"(1, 1)"
achieved,"(1, 1)"
substantive,"(1, 2)"
results,"(1, 2)"
wuer,"(1, 3)"
kaixi,"(1, 4)"
refused,"(1, 5)"
attend,"(1, 1)"
tone,"(1, 1)"
increasingly,"(1, 6)"
pyongyang,"(1, 1)"
resumed,"(1, 1)"
hardliner,"(1, 5)"
approach,"(1, 5)"
working,"(1, 1)"
concession,"(1, 1)"
asked,"(1, 2)"
opened,"(1, 8)"
legitimate,"(1, 1)"
essentially,"(1, 2)"
negated,"(1, 1)"
presented,"(1, 1)"
repeat,"(1, 1)"
earlier,"(1, 3)"
marches,"(1, 2)"
satisfied,"(1, 2)"
except,"(1, 1)"
bnu,"(1, 1)"
announced,"(1, 6)"
majority,"(1, 3)"
lose,"(1, 1)"
escalate,"(1, 1)"
preparing,"(1, 1)"
divided,"(1, 1)"
respond,"(1, 2)"
factional,"(1, 2)"
tensions,"(1, 2)"
progressive,"(1, 2)"
camp,"(1, 3)"
conservative,"(1, 4)"
intensified,"(1, 2)"
supported,"(1, 7)"
rallied,"(1, 2)"
behind,"(1, 7)"
opposed,"(1, 7)"
clashed,"(1, 1)"
maintained,"(1, 2)"
overrides,"(1, 1)"
else,"(1, 2)"
transparency,"(1, 1)"
preparation,"(1, 1)"
delegation,"(1, 2)"
friction,"(1, 3)"
reluctant,"(1, 3)"
let,"(1, 1)"
unilaterally,"(1, 1)"
deliberate,"(1, 1)"
fractured,"(1, 1)"
discord,"(1, 1)"
diluted,"(1, 1)"
declining,"(1, 1)"
engagement,"(1, 1)"
body,"(1, 4)"
context,"(1, 1)"
charismatic,"(1, 1)"
desired,"(1, 1)"
regain,"(1, 2)"
momentum,"(1, 4)"
distrusted,"(1, 1)"
offers,"(1, 2)"
dismissing,"(1, 1)"
merely,"(1, 1)"
ploy,"(1, 1)"
designed,"(1, 1)"
pacify,"(1, 1)"
break,"(1, 1)"
moderate,"(1, 3)"
incremental,"(1, 1)"
confrontational,"(1, 2)"
plan,"(1, 2)"
mobilizing,"(1, 1)"
begin,"(1, 5)"
attempts,"(1, 2)"
modest,"(1, 1)"
chai,"(1, 9)"
ling,"(1, 7)"
strikes,"(1, 2)"
photo,"(1, 1)"
pu,"(1, 1)"
zhiqiang,"(1, 1)"
protester,"(1, 2)"
words,"(1, 1)"
written,"(1, 2)"
paper,"(1, 3)"
want,"(1, 2)"
herald,"(1, 3)"
publicized,"(1, 1)"
soviet,"(1, 7)"
mikhail,"(1, 3)"
gorbachev,"(1, 9)"
knowing,"(1, 1)"
welcoming,"(1, 4)"
ceremony,"(1, 4)"
sympathy,"(1, 3)"
earned,"(1, 2)"
moral,"(1, 1)"
ground,"(1, 1)"
sought,"(1, 4)"
afternoon,"(1, 2)"
course,"(1, 2)"
traveling,"(1, 1)"
demonstration,"(1, 4)"
colleges,"(1, 1)"
displaying,"(1, 1)"
solidarity,"(1, 3)"
sang,"(1, 3)"
internationale,"(1, 2)"
anthem,"(1, 1)"
afraid,"(1, 1)"
spin,"(1, 1)"
executing,"(1, 1)"
request,"(1, 3)"
subordinates,"(1, 1)"
coordinate,"(1, 1)"
negotiations,"(1, 3)"
immediately,"(1, 3)"
patriotism,"(1, 1)"
understood,"(1, 3)"
signs,"(1, 1)"
sino,"(1, 4)"
summit,"(1, 3)"
embarrass,"(1, 1)"
nation,"(1, 3)"
yan,"(1, 9)"
mingfu,"(1, 2)"
united,"(1, 15)"
emergency,"(1, 2)"
prominent,"(1, 3)"
liu,"(1, 6)"
xiaobo,"(1, 5)"
ziming,"(1, 2)"
juntao,"(1, 2)"
prepared,"(1, 2)"
hold,"(1, 5)"
immediate,"(1, 3)"
cancelled,"(1, 2)"
whether,"(1, 4)"
withdraw,"(1, 3)"
effect,"(1, 3)"
removing,"(1, 1)"
bargaining,"(1, 1)"
possessed,"(1, 2)"
announcement,"(1, 1)"
disarray,"(1, 1)"
loosened,"(1, 2)"
significantly,"(1, 3)"
broadcasting,"(1, 1)"
footage,"(1, 3)"
strikers,"(1, 5)"
dai,"(1, 1)"
qing,"(1, 1)"
permission,"(1, 2)"
qili,"(1, 4)"
air,"(1, 3)"
guangming,"(1, 1)"
urgent,"(1, 1)"
attempt,"(1, 6)"
deescalate,"(1, 1)"
conflict,"(1, 1)"
move,"(1, 3)"
shen,"(1, 1)"
tong,"(1, 3)"
xiang,"(1, 1)"
xiaoji,"(1, 1)"
affirmed,"(1, 1)"
pleaded,"(1, 2)"
apparent,"(1, 1)"
sincerity,"(1, 1)"
compromise,"(1, 1)"
chaotic,"(1, 2)"
competing,"(1, 1)"
relayed,"(1, 2)"
uncoordinated,"(1, 1)"
incoherent,"(1, 2)"
shortly,"(1, 4)"
learned,"(1, 2)"
promised,"(1, 1)"
fell,"(1, 2)"
apart,"(1, 2)"
personally,"(1, 3)"
went,"(1, 6)"
even,"(1, 6)"
offering,"(1, 1)"
hostage,"(1, 1)"
next,"(1, 5)"
asking,"(1, 1)"
consider,"(1, 2)"
formally,"(1, 2)"
retracting,"(1, 1)"
rebranding,"(1, 1)"
b,"(1, 1)"
airport,"(1, 2)"
kind,"(1, 1)"
marked,"(1, 3)"
normalization,"(1, 1)"
relations,"(1, 5)"
seen,"(1, 5)"
breakthrough,"(1, 1)"
tremendous,"(1, 3)"
historical,"(1, 1)"
significance,"(1, 2)"
smooth,"(1, 1)"
proceedings,"(1, 1)"
derailed,"(1, 1)"
embarrassment,"(1, 1)"
loss,"(1, 1)"
face,"(1, 2)"
global,"(1, 3)"
stage,"(1, 1)"
drove,"(1, 2)"
moderates,"(1, 1)"
onto,"(1, 4)"
commotion,"(1, 1)"
told,"(1, 6)"
extension,"(1, 1)"
remark,"(1, 1)"
shift,"(1, 1)"
blame,"(1, 1)"
defense,"(1, 5)"
accusation,"(1, 1)"
informing,"(1, 1)"
center,"(1, 4)"
standard,"(1, 1)"
procedure,"(1, 1)"
identical,"(1, 1)"
statements,"(1, 1)"
us,"(1, 9)"
george,"(1, 1)"
h,"(1, 2)"
w,"(1, 1)"
bush,"(1, 1)"
february,"(1, 1)"
nevertheless,"(1, 1)"
statement,"(1, 1)"
decisive,"(1, 5)"
split,"(1, 5)"
senior,"(1, 1)"
aroused,"(1, 1)"
across,"(1, 6)"
residents,"(1, 7)"
walks,"(1, 1)"
life,"(1, 3)"
demonstrated,"(1, 3)"
pla,"(1, 8)"
personnel,"(1, 6)"
officers,"(1, 4)"
lower,"(1, 3)"
grassroots,"(1, 1)"
youth,"(1, 2)"
league,"(1, 1)"
sponsored,"(1, 1)"
labour,"(1, 1)"
unions,"(1, 1)"
encouraged,"(1, 1)"
membership,"(1, 3)"
demonstrate,"(1, 2)"
addition,"(1, 4)"
non,"(1, 5)"
parties,"(1, 2)"
letter,"(1, 1)"
red,"(1, 5)"
notice,"(1, 1)"
cover,"(1, 2)"
spotlight,"(1, 2)"
governments,"(1, 4)"
urged,"(1, 5)"
exercise,"(1, 2)"
restraint,"(1, 1)"
wane,"(1, 1)"
regained,"(1, 2)"
poured,"(1, 2)"
varying,"(1, 3)"
sizes,"(1, 1)"
occurring,"(1, 1)"
headquarters,"(1, 4)"
fujian,"(1, 1)"
hubei,"(1, 1)"
xinjiang,"(1, 1)"
without,"(1, 6)"
articulated,"(1, 2)"
local,"(1, 1)"
know,"(1, 1)"
array,"(1, 1)"
carrying,"(1, 1)"
unclear,"(1, 1)"
negotiate,"(1, 2)"
deal,"(1, 3)"
saw,"(1, 4)"
erode,"(1, 1)"
limelight,"(1, 1)"
combined,"(1, 1)"
circumstances,"(1, 1)"
put,"(1, 11)"
immense,"(1, 1)"
pressure,"(1, 3)"
viable,"(1, 1)"
intractable,"(1, 1)"
weight,"(1, 1)"
matters,"(1, 1)"
strategy,"(1, 1)"
retraction,"(1, 1)"
criticized,"(1, 2)"
yao,"(1, 3)"
yilin,"(1, 3)"
asserted,"(1, 3)"
asian,"(1, 4)"
bank,"(1, 5)"
emboldened,"(1, 1)"
spiraling,"(1, 1)"
decision,"(1, 5)"
declare,"(1, 1)"
tolerance,"(1, 1)"
justify,"(1, 2)"
described,"(1, 2)"
tools,"(1, 2)"
liberalism,"(1, 2)"
advocates,"(1, 1)"
pulling,"(1, 1)"
strings,"(1, 1)"
scenes,"(1, 2)"
elements,"(1, 2)"
wished,"(1, 1)"
ambitions,"(1, 1)"
five,"(1, 3)"
imposition,"(1, 2)"
qiao,"(1, 3)"
shi,"(1, 3)"
carefully,"(1, 1)"
neutral,"(1, 1)"
noncommittal,"(1, 1)"
late,"(1, 5)"
sorry,"(1, 1)"
talk,"(1, 2)"
criticize,"(1, 1)"
reason,"(1, 2)"
forgive,"(1, 1)"
getting,"(1, 2)"
weak,"(1, 1)"
7th,"(1, 1)"
continue,"(1, 5)"
like,"(1, 3)"
young,"(1, 4)"
healthy,"(1, 2)"
accomplishes,"(1, 1)"
modernizations,"(1, 1)"
old,"(1, 2)"
matter,"(1, 1)"
finalize,"(1, 1)"
plans,"(1, 3)"
ready,"(1, 2)"
citing,"(1, 2)"
bring,"(1, 2)"
attendance,"(1, 1)"
bo,"(1, 1)"
yibo,"(1, 1)"
follow,"(1, 2)"
inconclusive,"(1, 2)"
vote,"(1, 3)"
legally,"(1, 1)"
binding,"(1, 1)"
implications,"(1, 1)"
capacity,"(1, 1)"
vice,"(1, 1)"
commission,"(1, 6)"
placate,"(1, 1)"
concern,"(1, 3)"
rescind,"(1, 1)"
main,"(1, 2)"
sending,"(1, 1)"
hospital,"(1, 3)"
discussions,"(1, 3)"
yielded,"(1, 1)"
progress,"(1, 2)"
airtime,"(1, 1)"
television,"(1, 5)"
targeted,"(1, 1)"
instance,"(1, 1)"
throne,"(1, 1)"
swan,"(1, 1)"
song,"(1, 2)"
accompanied,"(1, 1)"
wen,"(1, 1)"
jiabao,"(1, 1)"
thereafter,"(1, 1)"
bullhorn,"(1, 1)"
urging,"(1, 1)"
stay,"(1, 3)"
sacrifice,"(1, 1)"
futures,"(1, 1)"
applauded,"(1, 1)"
appearance,"(1, 1)"
presided,"(1, 1)"
option,"(1, 1)"
mistaken,"(1, 1)"
successors,"(1, 1)"
remove,"(1, 1)"
vowed,"(1, 3)"
resolutely,"(1, 1)"
propaganda,"(1, 1)"
work,"(1, 4)"
surveillance,"(1, 5)"
close,"(1, 3)"
traffic,"(1, 3)"
cameras,"(1, 2)"
perform,"(1, 1)"
restaurants,"(1, 1)"
nearby,"(1, 2)"
wiretapped,"(1, 1)"
90,"(1, 1)"
identification,"(1, 1)"
capture,"(1, 1)"
punishment,"(1, 3)"
participants,"(1, 1)"
91,"(1, 1)"
thorough,"(1, 1)"
interrogations,"(1, 1)"
units,"(1, 7)"
institutions,"(1, 2)"
schools,"(1, 1)"
identify,"(1, 3)"
92,"(1, 1)"
certain,"(1, 1)"
cells,"(1, 3)"
jiang,"(1, 9)"
zemin,"(1, 5)"
addressed,"(1, 1)"
bandage,"(1, 1)"
expressed,"(1, 3)"
understanding,"(1, 1)"
agitator,"(1, 1)"
1949,"(1, 1)"
moved,"(1, 3)"
swiftly,"(1, 1)"
send,"(1, 2)"
purge,"(1, 4)"
citation,"(1, 5)"
editors,"(1, 3)"
magazine,"(1, 1)"
reformists,"(1, 1)"
commemorative,"(1, 1)"
section,"(1, 1)"
jiaqi,"(1, 1)"
commented,"(1, 1)"
favourably,"(1, 1)"
reassessment,"(1, 1)"
sensing,"(1, 3)"
trends,"(1, 1)"
printed,"(1, 2)"
blank,"(1, 1)"
suspended,"(1, 3)"
lead,"(1, 3)"
editor,"(1, 2)"
qin,"(1, 1)"
benli,"(1, 1)"
trust,"(1, 2)"
praised,"(1, 1)"
loyalty,"(1, 1)"
hong,"(1, 19)"
kong,"(1, 16)"
happy,"(1, 1)"
valley,"(1, 1)"
racecourse,"(1, 1)"
dedicated,"(1, 1)"
民主歌聲獻中華,"(1, 1)"
celebrities,"(1, 1)"
95,"(1, 1)"
procession,"(1, 2)"
martin,"(1, 1)"
lee,"(1, 1)"
szeto,"(1, 1)"
wah,"(1, 1)"
paraded,"(1, 1)"
island,"(1, 1)"
96,"(1, 1)"
ethnic,"(1, 1)"
protested,"(1, 2)"
states,"(1, 11)"
japan,"(1, 1)"
travel,"(1, 1)"
warnings,"(1, 2)"
least,"(1, 6)"
regions,"(1, 2)"
corps,"(1, 4)"
contributed,"(1, 1)"
250,"(1, 2)"
eventually,"(1, 3)"
arriving,"(1, 2)"
rail,"(1, 3)"
guangzhou,"(1, 2)"
civil,"(1, 1)"
aviation,"(1, 1)"
regular,"(1, 2)"
airline,"(1, 1)"
tickets,"(1, 1)"
prepare,"(1, 2)"
transporting,"(1, 1)"
entry,"(1, 2)"
blocked,"(1, 5)"
suburbs,"(1, 1)"
throngs,"(1, 1)"
tens,"(1, 4)"
surrounded,"(1, 2)"
vehicles,"(1, 7)"
preventing,"(1, 1)"
either,"(1, 2)"
advancing,"(1, 1)"
retreating,"(1, 1)"
lectured,"(1, 1)"
soldiers,"(1, 27)"
appealed,"(1, 1)"
food,"(1, 1)"
water,"(1, 1)"
shelter,"(1, 1)"
seeing,"(1, 1)"
retreated,"(1, 1)"
bases,"(1, 1)"
withdrawal,"(1, 4)"
tide,"(1, 1)"
favour,"(1, 3)"
reality,"(1, 1)"
mobilization,"(1, 1)"
unified,"(1, 1)"
overcrowded,"(1, 1)"
hygiene,"(1, 1)"
hou,"(1, 9)"
dejian,"(1, 7)"
suggested,"(1, 3)"
election,"(1, 2)"
opposition,"(1, 1)"
moderated,"(1, 1)"
ostensibly,"(1, 2)"
impending,"(1, 2)"
consequences,"(1, 1)"
temporary,"(1, 2)"
increasing,"(1, 1)"
struggles,"(1, 1)"
loudspeakers,"(1, 3)"
middle,"(1, 2)"
mini,"(1, 1)"
coups,"(1, 1)"
whoever,"(1, 1)"
wait,"(1, 1)"
train,"(1, 2)"
station,"(1, 5)"
greet,"(1, 1)"
arrivals,"(1, 1)"
enlist,"(1, 1)"
accusing,"(1, 1)"
ulterior,"(1, 1)"
motives,"(1, 1)"
collusion,"(1, 1)"
gain,"(1, 1)"
fame,"(1, 1)"
oust,"(1, 1)"
feng,"(1, 6)"
congde,"(1, 5)"
positions,"(1, 4)"
attempted,"(1, 2)"
kidnapping,"(1, 1)"
premeditated,"(1, 1)"
plot,"(1, 1)"
every,"(1, 5)"
member,"(1, 5)"
necessity,"(1, 2)"
legality,"(1, 2)"
clearing,"(1, 3)"
referring,"(1, 2)"
terrorists,"(1, 1)"
counterrevolutionaries,"(1, 1)"
stated,"(1, 5)"
continuing,"(1, 1)"
grow,"(1, 2)"
justification,"(1, 2)"
form,"(1, 3)"
submitted,"(1, 1)"
mss,"(1, 2)"
emphasized,"(1, 1)"
infiltration,"(1, 1)"
negative,"(1, 1)"
belief,"(1, 2)"
american,"(1, 3)"
intervened,"(1, 1)"
hopes,"(1, 1)"
overthrowing,"(1, 1)"
sense,"(1, 1)"
urgency,"(1, 1)"
conjunction,"(1, 1)"
word,"(1, 1)"
stating,"(1, 1)"
help,"(1, 1)"
stabilize,"(1, 1)"
overcome,"(1, 1)"
solidifying,"(1, 1)"
cpc,"(1, 1)"
published,"(1, 2)"
articles,"(1, 3)"
willing,"(1, 3)"
outraged,"(1, 2)"
cry,"(1, 1)"
fellow,"(1, 3)"
become,"(1, 3)"
disillusioned,"(1, 1)"
lined,"(1, 1)"
duo,"(1, 2)"
gao,"(1, 2)"
xin,"(1, 2)"
taiwanese,"(1, 3)"
singer,"(1, 1)"
second,"(1, 2)"
revive,"(1, 1)"
occupying,"(1, 1)"
tired,"(1, 1)"
rifts,"(1, 1)"
declaration,"(1, 1)"
openly,"(1, 2)"
remind,"(1, 1)"
worth,"(1, 1)"
fighting,"(1, 1)"
occupation,"(1, 2)"
remaining,"(1, 4)"
ousted,"(1, 1)"
order,"(1, 6)"
restored,"(1, 2)"
peacefully,"(1, 2)"
possible,"(1, 1)"
cooperate,"(1, 1)"
authorized,"(1, 1)"
complete,"(1, 1)"
positioned,"(1, 2)"
ten,"(1, 2)"
key,"(1, 1)"
27th,"(1, 2)"
65th,"(1, 2)"
24th,"(1, 2)"
armies,"(1, 5)"
secretly,"(1, 1)"
side,"(1, 4)"
reports,"(1, 5)"
trencher,"(1, 1)"
civilians,"(1, 12)"
sparked,"(1, 1)"
fear,"(1, 3)"
roadblocks,"(1, 3)"
intersections,"(1, 1)"
prevent,"(1, 3)"
discovered,"(1, 1)"
dressed,"(1, 1)"
plainclothes,"(1, 1)"
smuggle,"(1, 1)"
weapons,"(1, 4)"
seized,"(1, 4)"
handed,"(1, 2)"
tear,"(1, 3)"
gas,"(1, 3)"
unarmed,"(1, 2)"
crowds,"(1, 8)"
injure,"(1, 1)"
collided,"(1, 1)"
forcing,"(1, 1)"
retreat,"(1, 2)"
short,"(1, 3)"
secretariat,"(1, 1)"
luo,"(1, 1)"
gan,"(1, 1)"
finalized,"(1, 1)"
enforcement,"(1, 1)"
quell,"(1, 1)"
9,"(1, 3)"
converge,"(1, 1)"
delays,"(1, 1)"
tolerated,"(1, 1)"
person,"(1, 2)"
impede,"(1, 1)"
enforcing,"(1, 1)"
self,"(1, 2)"
means,"(1, 4)"
impediments,"(1, 1)"
citizens,"(1, 3)"
explicitly,"(1, 1)"
contain,"(1, 1)"
shoot,"(1, 1)"
kill,"(1, 1)"
directive,"(1, 1)"
authorization,"(1, 1)"
lethal,"(1, 3)"
monitored,"(1, 1)"
indoors,"(1, 1)"
incoming,"(1, 1)"
38th,"(1, 6)"
63rd,"(1, 1)"
28th,"(1, 1)"
15th,"(1, 1)"
airborne,"(1, 3)"
20th,"(1, 5)"
26th,"(1, 1)"
54th,"(1, 1)"
39th,"(1, 1)"
1st,"(1, 1)"
armored,"(1, 6)"
division,"(1, 1)"
40th,"(1, 1)"
64th,"(1, 1)"
fire,"(1, 10)"
traveled,"(1, 1)"
centre,"(1, 1)"
intended,"(1, 3)"
shots,"(1, 3)"
frighten,"(1, 1)"
failed,"(1, 5)"
earliest,"(1, 1)"
casualties,"(1, 3)"
wukesong,"(1, 1)"
xiaoming,"(1, 1)"
32,"(1, 3)"
year,"(1, 7)"
aerospace,"(1, 1)"
technician,"(1, 1)"
fatality,"(1, 1)"
convoy,"(1, 5)"
encountered,"(1, 1)"
substantial,"(1, 1)"
blockade,"(1, 3)"
somewhere,"(1, 1)"
3rd,"(1, 1)"
ring,"(1, 1)"
road,"(1, 4)"
automatic,"(1, 1)"
rifle,"(1, 2)"
directly,"(1, 2)"
stunned,"(1, 1)"
ammunition,"(1, 4)"
hurling,"(1, 1)"
insults,"(1, 1)"
projectiles,"(1, 1)"
expanding,"(1, 1)"
bullets,"(1, 2)"
prohibited,"(1, 1)"
warfare,"(1, 1)"
expand,"(1, 2)"
create,"(1, 1)"
wounds,"(1, 1)"
briefly,"(1, 1)"
km,"(1, 1)"
trolleybuses,"(1, 1)"
placed,"(1, 2)"
bridge,"(1, 4)"
apartment,"(1, 2)"
blocks,"(1, 1)"
surround,"(1, 1)"
inflicting,"(1, 1)"
heavy,"(1, 2)"
tabulation,"(1, 1)"
victims,"(1, 7)"
mothers,"(1, 5)"
36,"(1, 2)"
weiping,"(1, 1)"
doctor,"(1, 1)"
tending,"(1, 1)"
battle,"(1, 1)"
eastward,"(1, 1)"
firing,"(1, 3)"
indiscriminate,"(1, 1)"
random,"(1, 1)"
stray,"(1, 1)"
patterns,"(1, 1)"
uninvolved,"(1, 1)"
killed,"(1, 13)"
apartments,"(1, 1)"
ranking,"(1, 2)"
overlooking,"(1, 1)"
boulevard,"(1, 2)"
raked,"(1, 1)"
buildings,"(1, 1)"
gunfire,"(1, 5)"
balconies,"(1, 1)"
shot,"(1, 3)"
carriers,"(1, 2)"
apcs,"(1, 6)"
ram,"(1, 1)"
buses,"(1, 2)"
fight,"(1, 2)"
hastily,"(1, 1)"
barricades,"(1, 1)"
chains,"(1, 1)"
largest,"(1, 1)"
mile,"(1, 1)"
running,"(1, 2)"
xidan,"(1, 1)"
65,"(1, 1)"
trucks,"(1, 3)"
47,"(1, 1)"
totally,"(1, 2)"
485,"(1, 1)"
damaged,"(1, 2)"
xv,"(1, 2)"
civilian,"(1, 2)"
hufangqiao,"(1, 1)"
zhushikou,"(1, 1)"
tianqiao,"(1, 1)"
qianmen,"(1, 1)"
troopers,"(1, 1)"
unlike,"(1, 1)"
violent,"(1, 6)"
confrontation,"(1, 1)"
124,"(1, 1)"
interview,"(1, 2)"
given,"(1, 3)"
bloodshed,"(1, 4)"
realize,"(1, 1)"
importance,"(1, 1)"
unite,"(1, 1)"
though,"(1, 7)"
unable,"(1, 1)"
idea,"(1, 3)"
125,"(1, 1)"
expectation,"(1, 1)"
something,"(1, 1)"
heard,"(1, 6)"
lu,"(1, 5)"
126,"(1, 1)"
killings,"(1, 3)"
infuriated,"(1, 1)"
attacked,"(1, 1)"
sticks,"(1, 2)"
rocks,"(1, 2)"
molotov,"(1, 1)"
cocktails,"(1, 1)"
setting,"(1, 1)"
beating,"(1, 1)"
torched,"(1, 1)"
127,"(1, 1)"
argue,"(1, 2)"
acted,"(1, 1)"
troop,"(1, 1)"
attacks,"(1, 2)"
relatively,"(1, 2)"
renhua,"(1, 3)"
compared,"(1, 1)"
hundreds,"(1, 4)"
wall,"(1, 1)"
street,"(1, 2)"
journal,"(1, 1)"
columns,"(1, 1)"
approached,"(1, 3)"
mobs,"(1, 1)"
screamed,"(1, 1)"
fascists,"(1, 1)"
dozens,"(1, 3)"
pulled,"(1, 2)"
severely,"(1, 1)"
beaten,"(1, 3)"
dead,"(1, 5)"
intersection,"(1, 2)"
soldier,"(1, 2)"
stripped,"(1, 1)"
naked,"(1, 1)"
hung,"(1, 1)"
bus,"(1, 2)"
another,"(1, 4)"
corpse,"(1, 1)"
strung,"(1, 1)"
131,"(1, 1)"
8,"(1, 4)"
helicopters,"(1, 2)"
reinforcements,"(1, 2)"
founding,"(1, 1)"
base,"(1, 2)"
goddess,"(1, 2)"
enforce,"(1, 1)"
trickling,"(1, 1)"
witnesses,"(1, 3)"
drenched,"(1, 1)"
blood,"(1, 1)"
midnight,"(1, 1)"
loudspeaker,"(1, 6)"
museum,"(1, 6)"
somber,"(1, 1)"
mood,"(1, 1)"
deputy,"(1, 2)"
commander,"(1, 1)"
defending,"(1, 1)"
12,"(1, 4)"
fainted,"(1, 1)"
learning,"(1, 1)"
female,"(1, 1)"
normal,"(1, 1)"
wuerkaixi,"(1, 1)"
away,"(1, 3)"
ambulance,"(1, 4)"
flare,"(1, 1)"
lit,"(1, 1)"
sky,"(1, 1)"
vehicle,"(1, 2)"
arrived,"(1, 3)"
threw,"(1, 1)"
chunks,"(1, 1)"
concrete,"(1, 1)"
apc,"(1, 1)"
stalled,"(1, 1)"
perhaps,"(1, 3)"
metal,"(1, 1)"
poles,"(1, 1)"
jammed,"(1, 1)"
wheels,"(1, 1)"
covered,"(1, 2)"
gasoline,"(1, 1)"
doused,"(1, 1)"
blankets,"(1, 1)"
intense,"(1, 1)"
heat,"(1, 1)"
occupants,"(1, 1)"
swarmed,"(1, 1)"
reportedly,"(1, 4)"
tents,"(1, 1)"
beat,"(1, 3)"
protective,"(1, 1)"
escorted,"(1, 1)"
medic,"(1, 1)"
history,"(1, 2)"
mounted,"(1, 1)"
abandon,"(1, 2)"
retaliate,"(1, 1)"
picked,"(1, 1)"
megaphone,"(1, 1)"
defend,"(1, 1)"
shameless,"(1, 1)"
adhere,"(1, 1)"
peaceful,"(1, 3)"
glass,"(1, 1)"
bottles,"(1, 1)"
confiscated,"(1, 1)"
vanguard,"(1, 1)"
ends,"(1, 1)"
respectively,"(1, 1)"
seal,"(1, 1)"
enter,"(1, 4)"
numbering,"(1, 1)"
completely,"(1, 1)"
heads,"(1, 1)"
pleadings,"(1, 1)"
entreat,"(1, 1)"
peace,"(1, 2)"
motherland,"(1, 1)"
strength,"(1, 1)"
comply,"(1, 1)"
refrain,"(1, 1)"
machine,"(1, 2)"
gun,"(1, 1)"
captured,"(1, 1)"
revenge,"(1, 1)"
give,"(1, 1)"
weapon,"(1, 2)"
smashed,"(1, 1)"
marble,"(1, 1)"
railings,"(1, 1)"
shao,"(1, 1)"
witnessed,"(1, 1)"
older,"(1, 2)"
saying,"(1, 1)"
lost,"(1, 4)"
rejected,"(1, 2)"
suggestion,"(1, 1)"
doctors,"(1, 1)"
zhuo,"(1, 1)"
tuo,"(1, 1)"
try,"(1, 1)"
rode,"(1, 1)"
northeast,"(1, 2)"
corner,"(1, 1)"
spoke,"(1, 1)"
ji,"(1, 1)"
xinguo,"(1, 1)"
commissar,"(1, 2)"
336th,"(1, 1)"
regiment,"(1, 1)"
grant,"(1, 1)"
safe,"(1, 1)"
passage,"(1, 1)"
southeast,"(1, 2)"
accomplishment,"(1, 1)"
lights,"(1, 2)"
turned,"(1, 1)"
clearance,"(1, 1)"
begins,"(1, 1)"
agree,"(1, 1)"
braced,"(1, 1)"
informed,"(1, 2)"
agreement,"(1, 2)"
relit,"(1, 1)"
recounted,"(1, 1)"
angrily,"(1, 1)"
cowardice,"(1, 1)"
meters,"(1, 1)"
row,"(1, 1)"
guns,"(1, 1)"
prone,"(1, 1)"
squatted,"(1, 1)"
stood,"(1, 1)"
mixed,"(1, 1)"
clubs,"(1, 2)"
explained,"(1, 1)"
decide,"(1, 1)"
collective,"(1, 1)"
gos,"(1, 1)"
prevailed,"(1, 1)"
35,"(1, 1)"
squad,"(1, 1)"
camouflaged,"(1, 1)"
uniform,"(1, 1)"
charged,"(1, 2)"
kicked,"(1, 1)"
seizing,"(1, 1)"
smashing,"(1, 1)"
recording,"(1, 1)"
equipment,"(1, 2)"
officer,"(1, 2)"
professors,"(1, 1)"
sitting,"(1, 1)"
tiers,"(1, 1)"
gunbutts,"(1, 1)"
prodded,"(1, 1)"
bayonets,"(1, 1)"
bursts,"(1, 1)"
linked,"(1, 1)"
corridor,"(1, 1)"
departed,"(1, 2)"
departing,"(1, 1)"
removed,"(1, 6)"
relinquish,"(1, 1)"
reprieve,"(1, 1)"
debris,"(1, 2)"
piled,"(1, 1)"
burnt,"(1, 1)"
plastic,"(1, 1)"
bags,"(1, 1)"
airlifted,"(1, 1)"
cleanup,"(1, 1)"
stationed,"(1, 1)"
confined,"(1, 1)"
nine,"(1, 1)"
sleep,"(1, 2)"
floors,"(1, 1)"
fed,"(1, 1)"
single,"(1, 1)"
packet,"(1, 1)"
instant,"(1, 1)"
noodles,"(1, 1)"
apparently,"(1, 1)"
suffered,"(1, 1)"
deprivation,"(1, 1)"
served,"(1, 3)"
meals,"(1, 1)"
vacated,"(1, 1)"
walking,"(1, 1)"
westward,"(1, 1)"
bicycle,"(1, 2)"
lane,"(1, 1)"
pursued,"(1, 1)"
11,"(1, 1)"
injuring,"(1, 1)"
scores,"(1, 1)"
rows,"(1, 1)"
infantry,"(1, 2)"
parents,"(1, 1)"
sounded,"(1, 1)"
scurried,"(1, 1)"
hotel,"(1, 2)"
fled,"(1, 2)"
surged,"(1, 1)"
caught,"(1, 1)"
tank,"(1, 9)"
man,"(1, 8)"
immortalized,"(1, 1)"
video,"(1, 2)"
photographs,"(1, 3)"
lone,"(1, 1)"
column,"(1, 1)"
iconic,"(1, 1)"
century,"(1, 2)"
driver,"(1, 1)"
defiantly,"(1, 1)"
climbed,"(1, 1)"
turret,"(1, 1)"
returning,"(1, 2)"
aside,"(1, 1)"
fate,"(1, 1)"
1990,"(1, 4)"
influential,"(1, 1)"
37,"(1, 1)"
changan,"(1, 1)"
becoming,"(1, 2)"
stuck,"(1, 1)"
assortment,"(1, 1)"
burned,"(1, 1)"
occasional,"(1, 1)"
incidents,"(1, 1)"
outlets,"(1, 1)"
supporting,"(1, 1)"
defensive,"(1, 1)"
jianguomen,"(1, 1)"
fuxingmen,"(1, 1)"
overpasses,"(1, 1)"
shellfire,"(1, 1)"
marine,"(1, 1)"
spotting,"(1, 1)"
disabled,"(1, 1)"
armor,"(1, 1)"
piercing,"(1, 1)"
shell,"(1, 1)"
ongoing,"(1, 1)"
disrupted,"(1, 1)"
flow,"(1, 1)"
everyday,"(1, 1)"
editions,"(1, 1)"
available,"(1, 1)"
assurances,"(1, 1)"
offices,"(1, 1)"
factories,"(1, 2)"
able,"(1, 6)"
homes,"(1, 1)"
transit,"(1, 1)"
subway,"(1, 1)"
suburban,"(1, 1)"
routes,"(1, 1)"
seizure,"(1, 1)"
responsible,"(1, 2)"
condoning,"(1, 1)"
jailed,"(1, 2)"
scales,"(1, 1)"
british,"(1, 7)"
colony,"(1, 1)"
wearing,"(1, 1)"
black,"(1, 3)"
adopting,"(1, 1)"
armbands,"(1, 1)"
railway,"(1, 5)"
transport,"(1, 1)"
prevented,"(1, 2)"
fierce,"(1, 1)"
resistance,"(1, 1)"
stormed,"(1, 1)"
facilities,"(1, 1)"
erect,"(1, 1)"
biers,"(1, 1)"
commemoration,"(1, 1)"
deadly,"(1, 2)"
recognition,"(1, 1)"
averting,"(1, 1)"
upheaval,"(1, 1)"
interior,"(1, 1)"
nanjing,"(1, 3)"
chengdu,"(1, 4)"
erecting,"(1, 1)"
yangtze,"(1, 2)"
river,"(1, 2)"
railroad,"(1, 1)"
dalian,"(1, 1)"
interrupted,"(1, 1)"
employees,"(1, 1)"
tense,"(1, 1)"
resorted,"(1, 1)"
unfolded,"(1, 1)"
zhongyangmen,"(1, 1)"
evacuate,"(1, 1)"
bridges,"(1, 1)"
atmosphere,"(1, 1)"
tianfu,"(1, 1)"
resulting,"(1, 1)"
injured,"(1, 2)"
brutal,"(1, 1)"
estimate,"(1, 2)"
bodies,"(1, 1)"
thrown,"(1, 1)"
truck,"(1, 1)"
jinjiang,"(1, 1)"
amnesty,"(1, 2)"
concussion,"(1, 1)"
grenades,"(1, 1)"
truncheons,"(1, 1)"
knives,"(1, 1)"
electroshock,"(1, 1)"
hospitals,"(1, 2)"
service,"(1, 3)"
pronouncements,"(1, 1)"
conference,"(1, 2)"
spokesperson,"(1, 2)"
preliminary,"(1, 2)"
includ,"(1, 1)"
ing,"(1, 1)"
bad,"(1, 1)"
deserve,"(1, 1)"
crimes,"(1, 1)"
mistake,"(1, 1)"
handful,"(1, 1)"
lawless,"(1, 1)"
ruffians,"(1, 2)"
onlooking,"(1, 1)"
masses,"(1, 1)"
understand,"(1, 1)"
gong,"(1, 2)"
praising,"(1, 1)"
martyrs,"(1, 1)"
goal,"(1, 2)"
establish,"(1, 1)"
dependent,"(1, 1)"
argued,"(1, 1)"
complained,"(1, 1)"
real,"(1, 2)"
motive,"(1, 1)"
replace,"(1, 1)"
entire,"(1, 1)"
imperialist,"(1, 1)"
make,"(1, 1)"
discard,"(1, 1)"
monopoly,"(1, 1)"
extent,"(1, 2)"
dispute,"(1, 1)"
actively,"(1, 1)"
discussion,"(1, 5)"
casualty,"(1, 2)"
figures,"(1, 2)"
rely,"(1, 1)"
heavily,"(1, 1)"
eyewitness,"(1, 1)"
testimony,"(1, 1)"
records,"(1, 3)"
efforts,"(1, 1)"
relatives,"(1, 1)"
discrepancies,"(1, 1)"
exist,"(1, 1)"
ranged,"(1, 1)"
figure,"(1, 3)"
announcements,"(1, 1)"
tallies,"(1, 1)"
showed,"(1, 1)"
241,"(1, 1)"
218,"(1, 1)"
armed,"(1, 4)"
affiliated,"(1, 1)"
sources,"(1, 3)"
leaflets,"(1, 1)"
600,"(1, 1)"
denied,"(1, 2)"
swiss,"(1, 3)"
ambassador,"(1, 4)"
estimated,"(1, 3)"
700,"(1, 3)"
nicholas,"(1, 1)"
kristof,"(1, 1)"
york,"(1, 1)"
wrote,"(1, 3)"
seems,"(1, 1)"
plausible,"(1, 1)"
dozen,"(1, 1)"
policemen,"(1, 1)"
800,"(1, 1)"
james,"(1, 1)"
lilley,"(1, 1)"
visits,"(1, 1)"
minimum,"(1, 3)"
c,"(1, 1)"
declassified,"(1, 2)"
agency,"(1, 1)"
cable,"(1, 2)"
filed,"(1, 1)"
180,"(1, 2)"
compiled,"(1, 2)"
478,"(1, 1)"
920,"(1, 1)"
diplomat,"(1, 2)"
aftermath,"(1, 7)"
sir,"(1, 2)"
alan,"(1, 1)"
donald,"(1, 2)"
claimed,"(1, 4)"
friend,"(1, 1)"
higher,"(1, 1)"
declassification,"(1, 1)"
pointed,"(1, 1)"
revised,"(1, 1)"
182,"(1, 1)"
identifying,"(1, 1)"
advocacy,"(1, 1)"
founded,"(1, 3)"
ding,"(1, 2)"
zilin,"(1, 2)"
xianling,"(1, 2)"
whose,"(1, 1)"
children,"(1, 2)"
identified,"(1, 2)"
202,"(1, 2)"
august,"(1, 1)"
2011,"(1, 3)"
worked,"(1, 1)"
painstakingly,"(1, 1)"
interference,"(1, 2)"
locate,"(1, 1)"
families,"(1, 2)"
collect,"(1, 1)"
tally,"(1, 1)"
grown,"(1, 1)"
155,"(1, 1)"
1999,"(1, 2)"
includes,"(1, 1)"
individuals,"(1, 2)"
committed,"(1, 1)"
suicide,"(1, 1)"
reasons,"(1, 1)"
involvement,"(1, 3)"
alliance,"(1, 3)"
overseas,"(1, 3)"
agitating,"(1, 1)"
verify,"(1, 1)"
asserts,"(1, 1)"
unrelated,"(1, 1)"
count,"(1, 1)"
counted,"(1, 1)"
columbia,"(1, 4)"
vancouver,"(1, 2)"
canada,"(1, 4)"
replica,"(1, 2)"
ofoutside,"(1, 1)"
batch,"(1, 1)"
prevalent,"(1, 1)"
acknowledged,"(1, 1)"
situated,"(1, 1)"
bureau,"(1, 2)"
chief,"(1, 2)"
washington,"(1, 2)"
jay,"(1, 1)"
mathews,"(1, 1)"
cbs,"(1, 3)"
correspondent,"(1, 3)"
richard,"(1, 2)"
roth,"(1, 2)"
f,"(1, 1)"
sporadic,"(1, 2)"
find,"(1, 1)"
evidence,"(1, 1)"
suggest,"(1, 2)"
graham,"(1, 1)"
earnshaw,"(1, 2)"
reuters,"(1, 1)"
spent,"(1, 3)"
interviewing,"(1, 1)"
dawn,"(1, 1)"
writes,"(1, 1)"
memoirs,"(1, 2)"
probably,"(1, 1)"
foreigner,"(1, 1)"
confirms,"(1, 1)"
account,"(1, 2)"
dissident,"(1, 1)"
recently,"(1, 1)"
asia,"(1, 2)"
sentinel,"(1, 1)"
quoting,"(1, 1)"
entertainer,"(1, 1)"
stories,"(1, 1)"
186,"(1, 1)"
similarly,"(1, 1)"
secret,"(1, 1)"
cables,"(1, 2)"
embassy,"(1, 2)"
chilean,"(1, 1)"
counterparts,"(1, 1)"
observe,"(1, 1)"
entered,"(1, 1)"
gear,"(1, 2)"
push,"(1, 1)"
g,"(1, 1)"
scholar,"(1, 1)"
issue,"(1, 1)"
herring,"(1, 1)"
absolve,"(1, 1)"
responsibility,"(1, 1)"
showcase,"(1, 1)"
benevolence,"(1, 1)"
irrelevant,"(1, 1)"
shooting,"(1, 1)"
reprehensible,"(1, 1)"
really,"(1, 1)"
fully,"(1, 1)"
equipped,"(1, 2)"
massacred,"(1, 1)"
folks,"(1, 1)"
makes,"(1, 1)"
difference,"(1, 1)"
worthwhile,"(1, 1)"
evacuations,"(1, 1)"
carried,"(1, 1)"
summarily,"(1, 1)"
executed,"(1, 1)"
contrast,"(1, 1)"
affluent,"(1, 1)"
connected,"(1, 1)"
lighter,"(1, 1)"
sentences,"(1, 1)"
topped,"(1, 1)"
prison,"(1, 3)"
staff,"(1, 2)"
implicated,"(1, 1)"
permanently,"(1, 2)"
stigmatized,"(1, 1)"
never,"(1, 2)"
employed,"(1, 1)"
released,"(1, 2)"
arrest,"(1, 4)"
instrumental,"(1, 1)"
decades,"(1, 2)"
passed,"(1, 1)"
retracted,"(1, 2)"
faces,"(1, 1)"
descriptions,"(1, 2)"
constantly,"(1, 2)"
looped,"(1, 1)"
biographical,"(1, 1)"
poster,"(1, 1)"
gang,"(1, 1)"
fengsuo,"(1, 1)"
zhai,"(1, 1)"
weimin,"(1, 1)"
liang,"(1, 1)"
qingdun,"(1, 1)"
zhengyun,"(1, 1)"
zheng,"(1, 1)"
xuguang,"(1, 1)"
shaofang,"(1, 1)"
tao,"(1, 1)"
zhixing,"(1, 1)"
chaohua,"(1, 2)"
youcai,"(1, 1)"
zhiqing,"(1, 3)"
boli,"(1, 1)"
ming,"(1, 2)"
xiong,"(1, 2)"
wei,"(1, 2)"
experiences,"(1, 1)"
escapes,"(1, 1)"
intent,"(1, 1)"
chosen,"(1, 1)"
indefinitely,"(1, 1)"
escape,"(1, 2)"
kingdom,"(1, 3)"
france,"(1, 1)"
nations,"(1, 1)"
yellowbird,"(1, 1)"
intelligence,"(1, 1)"
agencies,"(1, 1)"
mi6,"(1, 1)"
cia,"(1, 1)"
territory,"(1, 3)"
196,"(1, 1)"
roots,"(1, 1)"
drew,"(1, 2)"
dissidents,"(1, 3)"
nucleus,"(1, 1)"
exile,"(1, 2)"
197,"(1, 1)"
apprehended,"(1, 1)"
incarcerated,"(1, 3)"
escaped,"(1, 1)"
difficulty,"(1, 1)"
prefers,"(1, 1)"
er,"(1, 1)"
alleged,"(1, 1)"
allegations,"(1, 1)"
trial,"(1, 1)"
sentenced,"(1, 1)"
disappeared,"(1, 1)"
1991,"(1, 1)"
subsequent,"(1, 1)"
release,"(1, 1)"
nothing,"(1, 1)"
listed,"(1, 1)"
unknown,"(1, 1)"
dui,"(1, 1)"
hua,"(1, 1)"
foundation,"(1, 1)"
602,"(1, 1)"
imprisoned,"(1, 1)"
activities,"(1, 2)"
2012,"(1, 1)"
unaccounted,"(1, 1)"
2014,"(1, 2)"
miao,"(1, 1)"
deshun,"(1, 1)"
prisoner,"(1, 1)"
decade,"(1, 1)"
ago,"(1, 1)"
suffering,"(1, 1)"
mental,"(1, 1)"
illness,"(1, 1)"
abstained,"(1, 1)"
voting,"(1, 1)"
changing,"(1, 1)"
opinion,"(1, 3)"
reassigned,"(1, 1)"
machinery,"(1, 1)"
electronics,"(1, 1)"
minded,"(1, 1)"
wan,"(1, 2)"
house,"(1, 2)"
stepped,"(1, 2)"
plane,"(1, 1)"
shortened,"(1, 1)"
trip,"(1, 1)"
detention,"(1, 1)"
grounds,"(1, 1)"
transferred,"(1, 1)"
equal,"(1, 1)"
rank,"(1, 2)"
mostly,"(1, 1)"
ceremonial,"(1, 1)"
ambassadors,"(1, 1)"
asylum,"(1, 2)"
actions,"(1, 1)"
involving,"(1, 1)"
team,"(1, 1)"
recognising,"(1, 1)"
weakened,"(1, 1)"
bowed,"(1, 1)"
officially,"(1, 1)"
resigning,"(1, 1)"
profile,"(1, 1)"
1992,"(1, 6)"
diplomatic,"(1, 2)"
classified,"(1, 1)"
canadian,"(1, 1)"
diplomats,"(1, 1)"
confidence,"(1, 1)"
months,"(1, 1)"
transferring,"(1, 1)"
significant,"(1, 2)"
amounts,"(1, 1)"
money,"(1, 2)"
accounts,"(1, 1)"
bao,"(1, 2)"
aide,"(1, 2)"
crime,"(1, 1)"
connection,"(1, 1)"
convicted,"(1, 1)"
revealing,"(1, 1)"
secrets,"(1, 1)"
counter,"(1, 1)"
revolutionary,"(1, 1)"
propagandizing,"(1, 1)"
sympathizers,"(1, 1)"
file,"(1, 1)"
initiated,"(1, 1)"
half,"(1, 1)"
rectification,"(1, 1)"
tendencies,"(1, 1)"
investigated,"(1, 1)"
deployed,"(1, 1)"
assess,"(1, 1)"
reliability,"(1, 1)"
broad,"(1, 1)"
daylight,"(1, 1)"
walked,"(1, 1)"
labor,"(1, 1)"
camps,"(1, 1)"
access,"(1, 2)"
crowded,"(1, 1)"
everyone,"(1, 1)"
space,"(1, 1)"
shared,"(1, 1)"
murderers,"(1, 1)"
rapists,"(1, 1)"
torture,"(1, 1)"
uncommon,"(1, 1)"
narrative,"(1, 3)"
constructed,"(1, 1)"
207,"(1, 2)"
ensures,"(1, 1)"
society,"(1, 2)"
successful,"(1, 1)"
208,"(1, 1)"
209,"(1, 1)"
210,"(1, 1)"
jintao,"(1, 1)"
consistently,"(1, 2)"
reiterated,"(1, 1)"
questions,"(1, 1)"
211,"(1, 1)"
meantime,"(1, 1)"
controlling,"(1, 1)"
narratives,"(1, 1)"
print,"(1, 3)"
required,"(1, 1)"
4th,"(1, 3)"
white,"(1, 1)"
explain,"(1, 1)"
anonymous,"(1, 1)"
shipped,"(1, 1)"
files,"(1, 1)"
papers,"(1, 1)"
2001,"(1, 2)"
30th,"(1, 2)"
anniversary,"(1, 5)"
fenghe,"(1, 1)"
shangri,"(1, 1)"
la,"(1, 1)"
unrest,"(1, 2)"
calm,"(1, 1)"
undergone,"(1, 1)"
212,"(1, 1)"
period,"(1, 1)"
relative,"(1, 1)"
heightened,"(1, 1)"
anchors,"(1, 1)"
xue,"(1, 1)"
fei,"(1, 1)"
du,"(1, 1)"
xian,"(1, 1)"
xinwen,"(1, 1)"
lianbo,"(1, 1)"
displayed,"(1, 1)"
sad,"(1, 1)"
xiaoyong,"(1, 1)"
son,"(1, 1)"
xueqian,"(1, 1)"
department,"(1, 1)"
radio,"(1, 1)"
sympathies,"(1, 1)"
director,"(1, 1)"
qian,"(1, 1)"
liren,"(1, 1)"
tan,"(1, 1)"
wenrui,"(1, 1)"
sacked,"(1, 1)"
satellite,"(1, 2)"
transmissions,"(1, 1)"
broadcasters,"(1, 2)"
cnn,"(1, 1)"
defy,"(1, 1)"
reporting,"(1, 2)"
telephone,"(1, 1)"
smuggled,"(1, 1)"
network,"(1, 1)"
record,"(1, 1)"
televisión,"(1, 1)"
española,"(1, 1)"
spain,"(1, 1)"
tve,"(1, 1)"
harassment,"(1, 2)"
cameraman,"(1, 1)"
custody,"(1, 1)"
filing,"(1, 1)"
mobile,"(1, 1)"
phone,"(1, 1)"
harassed,"(1, 2)"
blacklisted,"(1, 1)"
reentering,"(1, 1)"
consulates,"(1, 1)"
safety,"(1, 1)"
heed,"(1, 1)"
newly,"(1, 1)"
enacted,"(1, 1)"
guidelines,"(1, 1)"
guaranteed,"(1, 1)"
reaction,"(1, 1)"
memorial,"(1, 1)"
polish,"(1, 1)"
wrocław,"(1, 1)"
depicting,"(1, 1)"
track,"(1, 1)"
symbol,"(1, 1)"
original,"(1, 1)"
elections,"(1, 1)"
criticism,"(1, 1)"
europe,"(1, 2)"
america,"(1, 2)"
australia,"(1, 2)"
latin,"(1, 1)"
silent,"(1, 1)"
india,"(1, 1)"
ordering,"(1, 1)"
offer,"(1, 2)"
absolute,"(1, 1)"
jeopardize,"(1, 1)"
thawing,"(1, 1)"
empathy,"(1, 1)"
cuba,"(1, 1)"
czechoslovakia,"(1, 1)"
germany,"(1, 1)"
affairs,"(1, 1)"
freedoms,"(1, 1)"
conventional,"(1, 1)"
leninist,"(1, 1)"
mold,"(1, 1)"
publishing,"(1, 2)"
blow,"(1, 1)"
model,"(1, 1)"
whereby,"(1, 1)"
symbolic,"(1, 1)"
centres,"(1, 1)"
excesses,"(1, 1)"
reserve,"(1, 1)"
inconsistent,"(1, 1)"
impeding,"(1, 1)"
1993,"(1, 2)"
consolidated,"(1, 1)"
practice,"(1, 1)"
neither,"(1, 1)"
sufficient,"(1, 1)"
rubber,"(1, 1)"
spending,"(1, 2)"
expanded,"(1, 1)"
suppressing,"(1, 1)"
urban,"(1, 1)"
southern,"(1, 2)"
flourished,"(1, 1)"
2003,"(1, 1)"
provincially,"(1, 1)"
tv,"(1, 1)"
stations,"(1, 1)"
challenged,"(1, 1)"
cctv,"(1, 1)"
promoting,"(1, 1)"
communism,"(1, 2)"
encompassing,"(1, 1)"
approved,"(1, 2)"
religious,"(1, 1)"
beliefs,"(1, 1)"
era,"(1, 1)"
unsanctioned,"(1, 1)"
spirituality,"(1, 1)"
worship,"(1, 1)"
reduce,"(1, 1)"
controversial,"(1, 2)"
methods,"(1, 1)"
protestants,"(1, 1)"
buddhists,"(1, 1)"
taoists,"(1, 1)"
largely,"(1, 2)"
alone,"(1, 1)"
denominations,"(1, 1)"
cults,"(1, 1)"
falun,"(1, 1)"
playing,"(1, 1)"
sects,"(1, 1)"
orthodox,"(1, 1)"
attention,"(1, 1)"
focused,"(1, 1)"
cultivation,"(1, 1)"
nationalism,"(1, 1)"
succeeded,"(1, 1)"
tying,"(1, 1)"
pride,"(1, 1)"
prominently,"(1, 1)"
bombed,"(1, 1)"
belgrade,"(1, 1)"
bombings,"(1, 1)"
outpouring,"(1, 1)"
nationalist,"(1, 1)"
sentiment,"(1, 1)"
foremost,"(1, 1)"
advocate,"(1, 1)"
downgraded,"(1, 1)"
outlook,"(1, 1)"
factors,"(1, 1)"
delay,"(1, 1)"
acceptance,"(1, 1)"
trade,"(1, 3)"
completed,"(1, 1)"
twelve,"(1, 1)"
furthermore,"(1, 2)"
bilateral,"(1, 2)"
aid,"(1, 3)"
decreased,"(1, 2)"
billion,"(1, 3)"
loans,"(1, 1)"
credit,"(1, 1)"
rating,"(1, 1)"
lowered,"(1, 1)"
tourism,"(1, 1)"
revenue,"(1, 1)"
commitments,"(1, 2)"
reversing,"(1, 1)"
previous,"(1, 1)"
decline,"(1, 1)"
centralize,"(1, 1)"
foothold,"(1, 1)"
retired,"(1, 1)"
visiting,"(1, 1)"
prosperous,"(1, 1)"
advocating,"(1, 1)"
partly,"(1, 1)"
1990s,"(1, 4)"
pursuing,"(1, 1)"
stages,"(1, 1)"
liberals,"(1, 1)"
economically,"(1, 1)"
liberal,"(1, 1)"
shocks,"(1, 1)"
retrospect,"(1, 1)"
growth,"(1, 1)"
indeed,"(1, 1)"
previously,"(1, 3)"
aggrieved,"(1, 1)"
regarding,"(1, 1)"
energy,"(1, 1)"
candlelight,"(1, 2)"
vigil,"(1, 1)"
2009,"(1, 2)"
fears,"(1, 1)"
renege,"(1, 1)"
handover,"(1, 1)"
1997,"(1, 4)"
governor,"(1, 1)"
chris,"(1, 1)"
patten,"(1, 1)"
franchise,"(1, 1)"
legislative,"(1, 1)"
kongers,"(1, 3)"
coupled,"(1, 1)"
uncertainty,"(1, 1)"
status,"(1, 1)"
transfer,"(1, 3)"
sovereignty,"(1, 1)"
sizeable,"(1, 2)"
exodus,"(1, 1)"
prior,"(1, 1)"
vigils,"(1, 1)"
july,"(1, 2)"
2016,"(1, 1)"
location,"(1, 2)"
runs,"(1, 1)"
crowdfund,"(1, 1)"
etched,"(1, 1)"
anywhere,"(1, 1)"
strong,"(1, 1)"
perceptions,"(1, 1)"
attitudes,"(1, 1)"
representative,"(1, 1)"
brand,"(1, 1)"
authoritarianism,"(1, 1)"
invoked,"(1, 1)"
politicians,"(1, 1)"
relation,"(1, 1)"
relationship,"(1, 2)"
academic,"(1, 1)"
studies,"(1, 1)"
indicate,"(1, 1)"
rehabilitation,"(1, 1)"
tendency,"(1, 1)"
democratization,"(1, 1)"
image,"(1, 2)"
condemnation,"(1, 1)"
pariah,"(1, 1)"
isolated,"(1, 1)"
internationally,"(1, 2)"
setback,"(1, 1)"
courted,"(1, 1)"
chaos,"(1, 1)"
core,"(1, 1)"
domestically,"(1, 1)"
reshape,"(1, 1)"
repressive,"(1, 1)"
benign,"(1, 1)"
partner,"(1, 1)"
willingness,"(1, 1)"
participate,"(1, 1)"
secure,"(1, 1)"
signed,"(1, 1)"
proliferation,"(1, 1)"
treaty,"(1, 2)"
convention,"(1, 1)"
chemical,"(1, 1)"
test,"(1, 1)"
ban,"(1, 9)"
1996,"(1, 1)"
whereas,"(1, 1)"
diversify,"(1, 1)"
external,"(1, 1)"
partnerships,"(1, 1)"
establishing,"(1, 1)"
russia,"(1, 1)"
business,"(1, 3)"
lieu,"(1, 1)"
expedited,"(1, 1)"
indonesia,"(1, 1)"
israel,"(1, 2)"
net,"(1, 2)"
recipient,"(1, 1)"
growing,"(1, 1)"
transformed,"(1, 1)"
provider,"(1, 1)"
successfully,"(1, 1)"
attractive,"(1, 1)"
destination,"(1, 1)"
emphasizing,"(1, 1)"
skilled,"(1, 1)"
comparatively,"(1, 1)"
wages,"(1, 1)"
infrastructure,"(1, 1)"
constructively,"(1, 1)"
engaging,"(1, 1)"
marketplace,"(1, 1)"
inevitably,"(1, 1)"
explosion,"(1, 1)"
commercial,"(1, 1)"
multinational,"(1, 1)"
corporations,"(1, 1)"
turn,"(1, 1)"
blind,"(1, 1)"
eye,"(1, 1)"
politics,"(1, 2)"
focusing,"(1, 1)"
interests,"(1, 2)"
paid,"(1, 1)"
lip,"(1, 1)"
substance,"(1, 1)"
revolved,"(1, 1)"
european,"(1, 11)"
embargo,"(1, 5)"
armament,"(1, 1)"
sales,"(1, 1)"
today,"(1, 1)"
lift,"(1, 4)"
amount,"(1, 1)"
2004,"(1, 2)"
portrayed,"(1, 1)"
outdated,"(1, 1)"
damaging,"(1, 2)"
french,"(1, 1)"
jacques,"(1, 1)"
chirac,"(1, 1)"
german,"(1, 1)"
chancellor,"(1, 1)"
gerhard,"(1, 1)"
schröder,"(1, 2)"
passing,"(1, 1)"
secession,"(1, 1)"
2005,"(1, 2)"
taiwan,"(1, 1)"
successor,"(1, 1)"
angela,"(1, 1)"
merkel,"(1, 1)"
lifting,"(1, 4)"
congress,"(1, 1)"
proposed,"(1, 1)"
technology,"(1, 1)"
lifted,"(1, 1)"
presidency,"(1, 1)"
parliament,"(1, 1)"
reflects,"(1, 1)"
options,"(1, 1)"
seek,"(1, 1)"
hardware,"(1, 1)"
bloc,"(1, 1)"
strained,"(1, 1)"
suppliers,"(1, 1)"
restricted,"(1, 2)"
contemporary,"(1, 1)"
forbids,"(1, 1)"
verification,"(1, 2)"
246,"(1, 1)"
censor,"(1, 1)"
textbooks,"(1, 1)"
banned,"(1, 3)"
films,"(1, 3)"
books,"(1, 2)"
shut,"(1, 2)"
periodicals,"(1, 1)"
150,"(1, 1)"
contraband,"(1, 2)"
audio,"(1, 1)"
cassettes,"(1, 1)"
resources,"(1, 1)"
subject,"(1, 2)"
censors,"(1, 1)"
literature,"(1, 1)"
include,"(1, 1)"
palace,"(1, 1)"
forbidden,"(1, 1)"
collection,"(1, 1)"
poems,"(1, 1)"
moment,"(1, 1)"
diaries,"(1, 1)"
writings,"(1, 1)"
copies,"(1, 1)"
publications,"(1, 1)"
containing,"(1, 1)"
reference,"(1, 1)"
version,"(1, 1)"
detained,"(1, 1)"
colleagues,"(1, 1)"
typically,"(1, 1)"
potential,"(1, 1)"
repercussions,"(1, 1)"
born,"(1, 1)"
unfamiliar,"(1, 1)"
apathetic,"(1, 1)"
unaware,"(1, 1)"
symbols,"(1, 1)"
aspire,"(1, 1)"
prisoners,"(1, 1)"
putting,"(1, 1)"
risk,"(1, 1)"
259,"(1, 1)"
taboo,"(1, 1)"
frequent,"(1, 1)"
nobel,"(1, 1)"
prize,"(1, 1)"
laureate,"(1, 1)"
constant,"(1, 1)"
outspoken,"(1, 1)"
humanitarian,"(1, 1)"
aspects,"(1, 1)"
displays,"(1, 1)"
remembrance,"(1, 1)"
anniversaries,"(1, 1)"
25th,"(1, 1)"
2019,"(1, 1)"
renowned,"(1, 1)"
artist,"(1, 1)"
ai,"(1, 1)"
weiwei,"(1, 1)"
autocratic,"(1, 1)"
totalitarian,"(1, 1)"
regimes,"(1, 1)"
facts,"(1, 1)"
bec,"(1, 1)"
